aa8175,2543,test7 
aa6394,3651,test7 
aa4453,5432,test7 
aa8256,8399,test7 
aa3287,6516,test7 
aa2566,5958,test7 
aa5452,2347,test7 
aa2825,3939,test7 
aa9872,8713,test7 
aa1434,3898,test7 
aa4141,4655,test7 
aa5971,1414,test7 
aa5944,4161,test7 
aa5896,5998,test7 
aa7957,5218,test7 
aa4436,7215,test7 
aa1181,5255,test7 
aa8952,2523,test7 
aa4386,7446,test7 
aa4914,2174,test7 
aa2284,3942,test7 
aa4638,8972,test7 
aa3699,3755,test7 
aa4542,3373,test7 
aa6597,6466,test7 
aa8318,6586,test7 
aa6228,8595,test7 
aa2341,5387,test7 
aa4934,2285,test7 
aa9438,1546,test7 
aa7247,6152,test7 
aa4426,1596,test7 
aa6279,7982,test7 
aa9151,1396,test7 
aa5466,5626,test7 
aa2587,9332,test7 
aa3853,8653,test7 
aa4871,3137,test7 
aa1763,9162,test7 
aa2514,1249,test7 
aa9318,1952,test7 
aa7842,9374,test7 
aa2999,4527,test7 
aa6522,1323,test7 
aa6137,2263,test7 
aa5935,7558,test7 
aa8439,2684,test7 
aa1487,1334,test7 
aa3525,5914,test7 
aa2445,5864,test7 
aa4918,6636,test7 
aa4579,9659,test7 
aa4517,5142,test7 
aa1215,6616,test7 
aa4991,9468,test7 
aa6785,2935,test7 
aa2313,3818,test7 
aa3111,5173,test7 
aa2562,6337,test7 
aa7389,5572,test7 
aa6975,2777,test7 
aa2486,1824,test7 
aa9586,8525,test7 
aa5291,7813,test7 
aa5192,2258,test7 
aa5232,8894,test7 
aa3372,6828,test7 
aa2998,3716,test7 
aa8428,6547,test7 
aa9581,9296,test7 
aa7717,3289,test7 
aa5379,3486,test7 
aa2335,2625,test7 
aa8224,4649,test7 
aa1496,1563,test7 
aa6175,5773,test7 
aa7712,8684,test7 
aa6128,8698,test7 
aa7493,4226,test7 
aa3622,4358,test7 
aa4114,2247,test7 
aa5756,1929,test7 
aa2322,7992,test7 
aa3618,2889,test7 
aa3334,1542,test7 
aa1944,3938,test7 
aa2924,3989,test7 
aa3848,6694,test7 
aa3352,9287,test7 
aa9623,8874,test7 
aa7397,7127,test7 
aa6159,7614,test7 
aa8444,9676,test7 
aa8427,6248,test7 
aa6894,6776,test7 
aa6753,9896,test7 
aa2456,5817,test7 
aa5459,1871,test7 
aa4339,1741,test7 
aa8993,6397,test7 
